{"cameraMode":{"drawMode":0,"name":"Shaded","section":"Shading Mode"},"sceneLighting":true,"audioPlay":false,"sceneViewState":{"m_AlwaysRefresh":false,"showFog":true,"showSkybox":true,"showFlares":true,"showImageEffects":true,"showParticleSystems":true,"showVisualEffectGraphs":true,"m_FxEnabled":true},"in2DMode":false,"pivot":{"x":-43.077491760253909,"y":-1.3782238960266114,"z":-37.958229064941409},"rotation":{"x":0.48050764203071597,"y":0.031417857855558398,"z":-0.015830619260668756,"w":0.8767484426498413},"size":50.97023010253906,"orthographic":false}