{"cameraMode":{"drawMode":0,"name":"Shaded","section":"Shading Mode"},"sceneLighting":true,"audioPlay":false,"sceneViewState":{"m_AlwaysRefresh":false,"showFog":true,"showSkybox":true,"showFlares":true,"showImageEffects":true,"showParticleSystems":true,"showVisualEffectGraphs":true,"m_FxEnabled":true},"in2DMode":false,"pivot":{"x":1.6626720428466797,"y":-2.411280632019043,"z":-11.034416198730469},"rotation":{"x":0.07967066764831543,"y":0.9201138615608215,"z":-0.27599185705184939,"w":0.2669414281845093},"size":22.178468704223634,"orthographic":false}