{"cameraMode":{"drawMode":0,"name":"Shaded","section":"Shading Mode"},"sceneLighting":false,"audioPlay":false,"sceneViewState":{"m_AlwaysRefresh":false,"showFog":true,"showSkybox":false,"showFlares":true,"showImageEffects":true,"showParticleSystems":true,"showVisualEffectGraphs":true,"m_FxEnabled":true},"in2DMode":false,"pivot":{"x":25.51383399963379,"y":17.584226608276368,"z":-1.4683284759521485},"rotation":{"x":-0.027459438890218736,"y":-0.9693673849105835,"z":0.21293780207633973,"w":-0.12225468456745148},"size":35.416114807128909,"orthographic":false}