{
    "name": "root",
    "gauges": {
        "Plane.Policy.Entropy.mean": {
            "value": 2.5423386096954346,
            "min": 1.270742654800415,
            "max": 2.5423386096954346,
            "count": 93
        },
        "Plane.Policy.Entropy.sum": {
            "value": 25362.37109375,
            "min": 5127.3134765625,
            "max": 25362.37109375,
            "count": 93
        },
        "Plane.Environment.EpisodeLength.mean": {
            "value": 51.230366492146594,
            "min": 43.349557522123895,
            "max": 64.0,
            "count": 93
        },
        "Plane.Environment.EpisodeLength.sum": {
            "value": 9785.0,
            "min": 3749.0,
            "max": 9877.0,
            "count": 93
        },
        "Plane.Step.mean": {
            "value": 1489957.0,
            "min": 569978.0,
            "max": 1489957.0,
            "count": 93
        },
        "Plane.Step.sum": {
            "value": 1489957.0,
            "min": 569978.0,
            "max": 1489957.0,
            "count": 93
        },
        "Plane.Policy.ExtrinsicValueEstimate.mean": {
            "value": 0.27123498916625977,
            "min": -0.3441610038280487,
            "max": 0.3704952001571655,
            "count": 93
        },
        "Plane.Policy.ExtrinsicValueEstimate.sum": {
            "value": 51.805885314941406,
            "min": -87.0727310180664,
            "max": 69.6530990600586,
            "count": 93
        },
        "Plane.Environment.CumulativeReward.mean": {
            "value": -0.6916614206049455,
            "min": -1.5350007227772018,
            "max": -0.543141745189403,
            "count": 93
        },
        "Plane.Environment.CumulativeReward.sum": {
            "value": -132.1073313355446,
            "min": -345.3751626248704,
            "max": -59.465611182153225,
            "count": 93
        },
        "Plane.Policy.ExtrinsicReward.mean": {
            "value": -0.6916614206049455,
            "min": -1.5350007227772018,
            "max": -0.543141745189403,
            "count": 93
        },
        "Plane.Policy.ExtrinsicReward.sum": {
            "value": -132.1073313355446,
            "min": -345.3751626248704,
            "max": -59.465611182153225,
            "count": 93
        },
        "Plane.Losses.PolicyLoss.mean": {
            "value": 0.24136031022627796,
            "min": 0.23241566834013155,
            "max": 0.2530218559498004,
            "count": 93
        },
        "Plane.Losses.PolicyLoss.sum": {
            "value": 20.27426605900735,
            "min": 8.115762347826514,
            "max": 23.630268430347694,
            "count": 93
        },
        "Plane.Losses.ValueLoss.mean": {
            "value": 0.016861731930103468,
            "min": 0.0011128973959487242,
            "max": 0.049146735704643944,
            "count": 93
        },
        "Plane.Losses.ValueLoss.sum": {
            "value": 1.4163854821286912,
            "min": 0.08707593843966085,
            "max": 4.030032327780804,
            "count": 93
        },
        "Plane.Policy.LearningRate.mean": {
            "value": 0.0002554464844940339,
            "min": 0.0002554464844940339,
            "max": 0.0002829553593179124,
            "count": 93
        },
        "Plane.Policy.LearningRate.sum": {
            "value": 0.02145750469749885,
            "min": 0.009337526857491108,
            "max": 0.02584746133417975,
            "count": 93
        },
        "Plane.Policy.Epsilon.mean": {
            "value": 0.18514882321428575,
            "min": 0.18514882321428575,
            "max": 0.19431845121212124,
            "count": 93
        },
        "Plane.Policy.Epsilon.sum": {
            "value": 15.552501150000003,
            "min": 6.412508890000001,
            "max": 18.0176965,
            "count": 93
        },
        "Plane.Policy.Beta.mean": {
            "value": 0.0005000000000000001,
            "min": 0.0005,
            "max": 0.0005000000000000002,
            "count": 93
        },
        "Plane.Policy.Beta.sum": {
            "value": 0.04200000000000001,
            "min": 0.0165,
            "max": 0.04850000000000002,
            "count": 93
        },
        "Plane.IsTraining.mean": {
            "value": 1.0,
            "min": 1.0,
            "max": 1.0,
            "count": 93
        },
        "Plane.IsTraining.sum": {
            "value": 1.0,
            "min": 1.0,
            "max": 1.0,
            "count": 93
        }
    },
    "metadata": {
        "timer_format_version": "0.1.0",
        "start_time_seconds": "1673512431",
        "python_version": "3.6.13 |Anaconda, Inc.| (default, Mar 16 2021, 11:37:27) [MSC v.1916 64 bit (AMD64)]",
        "command_line_arguments": "C:\\Users\\alexandrecp\\.conda\\envs\\MLAgentsTraining\\Scripts\\mlagents-learn config/plane_config.yaml --run-id=Plane --resume",
        "mlagents_version": "0.28.0",
        "mlagents_envs_version": "0.28.0",
        "communication_protocol_version": "1.5.0",
        "pytorch_version": "1.10.2+cpu",
        "numpy_version": "1.19.5",
        "end_time_seconds": "1673522903"
    },
    "total": 10471.934798499999,
    "count": 1,
    "self": 0.004237099998135818,
    "children": {
        "run_training.setup": {
            "total": 0.0809203,
            "count": 1,
            "self": 0.0809203
        },
        "TrainerController.start_learning": {
            "total": 10471.8496411,
            "count": 1,
            "self": 18.145251499621736,
            "children": {
                "TrainerController._reset_env": {
                    "total": 12.7413072,
                    "count": 1,
                    "self": 12.7413072
                },
                "TrainerController.advance": {
                    "total": 10440.865925600378,
                    "count": 946305,
                    "self": 17.536506301081317,
                    "children": {
                        "env_step": {
                            "total": 8117.508650399553,
                            "count": 946305,
                            "self": 6980.791722200506,
                            "children": {
                                "SubprocessEnvManager._take_step": {
                                    "total": 1125.6955975998485,
                                    "count": 946306,
                                    "self": 40.065452300011884,
                                    "children": {
                                        "TorchPolicy.evaluate": {
                                            "total": 1085.6301452998366,
                                            "count": 929960,
                                            "self": 243.38791139985585,
                                            "children": {
                                                "TorchPolicy.sample_actions": {
                                                    "total": 842.2422338999808,
                                                    "count": 929960,
                                                    "self": 842.2422338999808
                                                }
                                            }
                                        }
                                    }
                                },
                                "workers": {
                                    "total": 11.02133059919779,
                                    "count": 946304,
                                    "self": 0.0,
                                    "children": {
                                        "worker_root": {
                                            "total": 10355.357354399992,
                                            "count": 946304,
                                            "is_parallel": true,
                                            "self": 4209.197019000024,