{
    "name": "root",
    "gauges": {
        "Plane.Policy.Entropy.mean": {
            "value": 2.5453803539276123,
            "min": 2.5453803539276123,
            "max": 2.5453803539276123,
            "count": 1
        },
        "Plane.Policy.Entropy.sum": {
            "value": 9797.1689453125,
            "min": 9797.1689453125,
            "max": 9797.1689453125,
            "count": 1
        },
        "Plane.Environment.EpisodeLength.mean": {
            "value": 50.32,
            "min": 50.32,
            "max": 50.32,
            "count": 1
        },
        "Plane.Environment.EpisodeLength.sum": {
            "value": 3774.0,
            "min": 3774.0,
            "max": 3774.0,
            "count": 1
        },
        "Plane.Step.mean": {
            "value": 1499953.0,
            "min": 1499953.0,
            "max": 1499953.0,
            "count": 1
        },
        "Plane.Step.sum": {
            "value": 1499953.0,
            "min": 1499953.0,
            "max": 1499953.0,
            "count": 1
        },
        "Plane.Policy.ExtrinsicValueEstimate.mean": {
            "value": 0.2068760246038437,
            "min": 0.2068760246038437,
            "max": 0.2068760246038437,
            "count": 1
        },
        "Plane.Policy.ExtrinsicValueEstimate.sum": {
            "value": 15.308825492858887,
            "min": 15.308825492858887,
            "max": 15.308825492858887,
            "count": 1
        },
        "Plane.Environment.CumulativeReward.mean": {
            "value": -0.8010314441210514,
            "min": -0.8010314441210514,
            "max": -0.8010314441210514,
            "count": 1
        },
        "Plane.Environment.CumulativeReward.sum": {
            "value": -59.27632686495781,
            "min": -59.27632686495781,
            "max": -59.27632686495781,
            "count": 1
        },
        "Plane.Policy.ExtrinsicReward.mean": {
            "value": -0.8010314441210514,
            "min": -0.8010314441210514,
            "max": -0.8010314441210514,
            "count": 1
        },
        "Plane.Policy.ExtrinsicReward.sum": {
            "value": -59.27632686495781,
            "min": -59.27632686495781,
            "max": -59.27632686495781,
            "count": 1
        },
        "Plane.Losses.PolicyLoss.mean": {
            "value": 0.24384991487849408,
            "min": 0.24384991487849408,
            "max": 0.24384991487849408,
            "count": 1
        },
        "Plane.Losses.PolicyLoss.sum": {
            "value": 7.803197276111811,
            "min": 7.803197276111811,
            "max": 7.803197276111811,
            "count": 1
        },
        "Plane.Losses.ValueLoss.mean": {
            "value": 0.007526043642796833,
            "min": 0.007526043642796833,
            "max": 0.007526043642796833,
            "count": 1
        },
        "Plane.Losses.ValueLoss.sum": {
            "value": 0.24083339656949865,
            "min": 0.24083339656949865,
            "max": 0.24083339656949865,
            "count": 1
        },
        "Plane.Policy.LearningRate.mean": {
            "value": 0.0002550585543554868,
            "min": 0.0002550585543554868,
            "max": 0.0002550585543554868,
            "count": 1
        },
        "Plane.Policy.LearningRate.sum": {
            "value": 0.008161873739375578,
            "min": 0.008161873739375578,
            "max": 0.008161873739375578,
            "count": 1
        },
        "Plane.Policy.Epsilon.mean": {
            "value": 0.18501951312500003,
            "min": 0.18501951312500003,
            "max": 0.18501951312500003,
            "count": 1
        },
        "Plane.Policy.Epsilon.sum": {
            "value": 5.920624420000001,
            "min": 5.920624420000001,
            "max": 5.920624420000001,
            "count": 1
        },
        "Plane.Policy.Beta.mean": {
            "value": 0.0005,
            "min": 0.0005,
            "max": 0.0005,
            "count": 1
        },
        "Plane.Policy.Beta.sum": {
            "value": 0.016,
            "min": 0.016,
            "max": 0.016,
            "count": 1
        },
        "Plane.IsTraining.mean": {
            "value": 1.0,
            "min": 1.0,
            "max": 1.0,
            "count": 1
        },
        "Plane.IsTraining.sum": {
            "value": 1.0,
            "min": 1.0,
            "max": 1.0,
            "count": 1
        }
    },
    "metadata": {
        "timer_format_version": "0.1.0",
        "start_time_seconds": "1673596104",
        "python_version": "3.6.13 |Anaconda, Inc.| (default, Mar 16 2021, 11:37:27) [MSC v.1916 64 bit (AMD64)]",
        "command_line_arguments": "C:\\Users\\alexandrecp\\.conda\\envs\\MLAgentsTraining\\Scripts\\mlagents-learn config/plane_config.yaml --run-id=Plane --resume",
        "mlagents_version": "0.28.0",
        "mlagents_envs_version": "0.28.0",
        "communication_protocol_version": "1.5.0",
        "pytorch_version": "1.10.2+cpu",
        "numpy_version": "1.19.5",
        "end_time_seconds": "1673596246"
    },
    "total": 142.6357829,
    "count": 1,
    "self": 0.004790799999994988,
    "children": {
        "run_training.setup": {
            "total": 0.10271480000000001,
            "count": 1,
            "self": 0.10271480000000001
        },
        "TrainerController.start_learning": {
            "total": 142.5282773,
            "count": 1,
            "self": 0.06474620000003029,
            "children": {
                "TrainerController._reset_env": {
                    "total": 40.626232099999996,
                    "count": 1,
                    "self": 40.626232099999996
                },
                "TrainerController.advance": {
                    "total": 101.72380620000001,
                    "count": 4181,
                    "self": 0.05899539999961689,
                    "children": {
                        "env_step": {
                            "total": 92.80622360000024,
                            "count": 4181,
                            "self": 88.60875330000074,
                            "children": {
                                "SubprocessEnvManager._take_step": {
                                    "total": 4.156509499999942,
                                    "count": 4181,
                                    "self": 0.1421997000003259,
                                    "children": {
                                        "TorchPolicy.evaluate": {
                                            "total": 4.014309799999616,
                                            "count": 4111,
                                            "self": 0.8934870000000004,
                                            "children": {
                                                "TorchPolicy.sample_actions": {
                                                    "total": 3.1208227999996154,
                                                    "count": 4111,
                                                    "self": 3.1208227999996154
                                                }
                                            }
                                        }
                                    }
                                },
                                "workers": {
                                    "total": 0.04096079999955293,
                                    "count": 4180,
                                    "self": 0.0,
                                    "children": {
                                        "worker_root": {
                                            "total": 40.44479139999985,
                                            "count": 4180,
                                            "is_parallel": true,
                                            "self": 15.771825499999835,