{
    "name": "root",
    "gauges": {
        "Plane.Policy.Entropy.mean": {
            "value": 1.2648496627807617,
            "min": 1.2648496627807617,
            "max": 1.4082841873168945,
            "count": 10
        },
        "Plane.Policy.Entropy.sum": {
            "value": 12648.49609375,
            "min": 12648.49609375,
            "max": 14084.25,
            "count": 10
        },
        "Plane.Environment.EpisodeLength.mean": {
            "value": 25.666666666666668,
            "min": 25.666666666666668,
            "max": 26.102981029810298,
            "count": 10
        },
        "Plane.Environment.EpisodeLength.sum": {
            "value": 9625.0,
            "min": 9625.0,
            "max": 9635.0,
            "count": 10
        },
        "Plane.Step.mean": {
            "value": 99982.0,
            "min": 9974.0,
            "max": 99982.0,
            "count": 10
        },
        "Plane.Step.sum": {
            "value": 99982.0,
            "min": 9974.0,
            "max": 99982.0,
            "count": 10
        },
        "Plane.Policy.ExtrinsicValueEstimate.mean": {
            "value": -1.061292290687561,
            "min": -1.2419288158416748,
            "max": -1.0502383708953857,
            "count": 10
        },
        "Plane.Policy.ExtrinsicValueEstimate.sum": {
            "value": -397.984619140625,
            "min": -461.9975280761719,
            "max": -392.7891540527344,
            "count": 10
        },
        "Plane.Environment.CumulativeReward.mean": {
            "value": -2.1894643306732178,
            "min": -2.196121331602133,
            "max": -2.185322104282277,
            "count": 10
        },
        "Plane.Environment.CumulativeReward.sum": {
            "value": -821.0491240024567,
            "min": -821.0491240024567,
            "max": -810.3687713611871,
            "count": 10
        },
        "Plane.Policy.ExtrinsicReward.mean": {
            "value": -2.1894643306732178,
            "min": -2.196121331602133,
            "max": -2.185322104282277,
            "count": 10
        },
        "Plane.Policy.ExtrinsicReward.sum": {
            "value": -821.0491240024567,
            "min": -821.0491240024567,
            "max": -810.3687713611871,
            "count": 10
        },
        "Plane.Losses.PolicyLoss.mean": {
            "value": 0.24215348298501935,
            "min": 0.23923117216316264,
            "max": 0.2474020629692827,
            "count": 10
        },
        "Plane.Losses.PolicyLoss.sum": {
            "value": 22.762427400591818,
            "min": 22.487730183337288,
            "max": 23.255793919112573,
            "count": 10
        },
        "Plane.Losses.ValueLoss.mean": {
            "value": 0.039530137922707285,
            "min": 0.02787540419017302,
            "max": 1.2792263675783195,
            "count": 10
        },
        "Plane.Losses.ValueLoss.sum": {
            "value": 3.715832964734485,
            "min": 2.6202879938762638,
            "max": 118.96805218478372,
            "count": 10
        },
        "Plane.Policy.LearningRate.mean": {
            "value": 1.5093094969000001e-05,
            "min": 1.5093094969000001e-05,
            "max": 0.000284958005014,
            "count": 10
        },
        "Plane.Policy.LearningRate.sum": {
            "value": 0.001418750927086,
            "min": 0.001418750927086,
            "max": 0.026501094466302,
            "count": 10
        },
        "Plane.Policy.Epsilon.mean": {
            "value": 0.10503100000000001,
            "min": 0.10503100000000001,
            "max": 0.19498600000000002,
            "count": 10
        },
        "Plane.Policy.Epsilon.sum": {
            "value": 9.872914000000002,
            "min": 9.872914000000002,
            "max": 18.133698000000003,
            "count": 10
        },
        "Plane.Policy.Beta.mean": {
            "value": 0.0005000000000000002,
            "min": 0.0005000000000000001,
            "max": 0.0005000000000000002,
            "count": 10
        },
        "Plane.Policy.Beta.sum": {
            "value": 0.04700000000000002,
            "min": 0.046500000000000014,
            "max": 0.04700000000000002,
            "count": 10
        },
        "Plane.IsTraining.mean": {
            "value": 1.0,
            "min": 1.0,
            "max": 1.0,
            "count": 10
        },
        "Plane.IsTraining.sum": {
            "value": 1.0,
            "min": 1.0,
            "max": 1.0,
            "count": 10
        }
    },
    "metadata": {
        "timer_format_version": "0.1.0",
        "start_time_seconds": "1673221564",
        "python_version": "3.6.13 |Anaconda, Inc.| (default, Mar 16 2021, 11:37:27) [MSC v.1916 64 bit (AMD64)]",
        "command_line_arguments": "C:\\Users\\Brandon AM\\.conda\\envs\\ML-Agents\\Scripts\\mlagents-learn config/plane_config.yaml --run-id=Plane --force",
        "mlagents_version": "0.28.0",
        "mlagents_envs_version": "0.28.0",
        "communication_protocol_version": "1.5.0",
        "pytorch_version": "1.10.2+cpu",
        "numpy_version": "1.19.5",
        "end_time_seconds": "1673222527"
    },
    "total": 963.530697,
    "count": 1,
    "self": 0.008430200000020704,
    "children": {
        "run_training.setup": {
            "total": 0.0776905,
            "count": 1,
            "self": 0.0776905
        },
        "TrainerController.start_learning": {
            "total": 963.4445763,
            "count": 1,
            "self": 1.5433085000156552,
            "children": {
                "TrainerController._reset_env": {
                    "total": 5.3471351,
                    "count": 1,
                    "self": 5.3471351
                },
                "TrainerController.advance": {
                    "total": 956.4395984999843,
                    "count": 103749,
                    "self": 1.3938836999604973,
                    "children": {
                        "env_step": {
                            "total": 717.0880504000205,
                            "count": 103749,
                            "self": 615.6616005000443,
                            "children": {
                                "SubprocessEnvManager._take_step": {
                                    "total": 100.41935399997786,
                                    "count": 103749,
                                    "self": 3.4079109999751296,
                                    "children": {
                                        "TorchPolicy.evaluate": {
                                            "total": 97.01144300000273,
                                            "count": 100009,
                                            "self": 20.517251799984933,
                                            "children": {
                                                "TorchPolicy.sample_actions": {
                                                    "total": 76.4941912000178,
                                                    "count": 100009,
                                                    "self": 76.4941912000178
                                                }
                                            }
                                        }
                                    }
                                },
                                "workers": {
                                    "total": 1.0070958999983635,
                                    "count": 103749,
                                    "self": 0.0,
                                    "children": {
                                        "worker_root": {
                                            "total": 955.7727883999984,
                                            "count": 103749,
                                            "is_parallel": true,
                                            "self": 408.5366432999871,