{
    "name": "root",
    "gauges": {
        "Plane.Policy.Entropy.mean": {
            "value": 1.2874335050582886,
            "min": 1.2874335050582886,
            "max": 1.3951212167739868,
            "count": 10
        },
        "Plane.Policy.Entropy.sum": {
            "value": 12856.3115234375,
            "min": 12856.3115234375,
            "max": 13952.607421875,
            "count": 10
        },
        "Plane.Environment.EpisodeLength.mean": {
            "value": 48.681592039801,
            "min": 25.666666666666668,
            "max": 48.681592039801,
            "count": 10
        },
        "Plane.Environment.EpisodeLength.sum": {
            "value": 9785.0,
            "min": 9625.0,
            "max": 9830.0,
            "count": 10
        },
        "Plane.Step.mean": {
            "value": 99973.0,
            "min": 9974.0,
            "max": 99973.0,
            "count": 10
        },
        "Plane.Step.sum": {
            "value": 99973.0,
            "min": 9974.0,
            "max": 99973.0,
            "count": 10
        },
        "Plane.Policy.ExtrinsicValueEstimate.mean": {
            "value": -0.32163476943969727,
            "min": -1.2345401048660278,
            "max": 0.25475451350212097,
            "count": 10
        },
        "Plane.Policy.ExtrinsicValueEstimate.sum": {
            "value": -64.64859008789062,
            "min": -451.8416748046875,
            "max": 94.25917053222656,
            "count": 10
        },
        "Plane.Environment.CumulativeReward.mean": {
            "value": -1.6946164849978775,
            "min": -2.2336530817060996,
            "max": -1.6904914320105373,
            "count": 10
        },
        "Plane.Environment.CumulativeReward.sum": {
            "value": -340.61791348457336,
            "min": -821.0491240024567,
            "max": -340.61791348457336,
            "count": 10
        },
        "Plane.Policy.ExtrinsicReward.mean": {
            "value": -1.6946164849978775,
            "min": -2.2336530817060996,
            "max": -1.6904914320105373,
            "count": 10
        },
        "Plane.Policy.ExtrinsicReward.sum": {
            "value": -340.61791348457336,
            "min": -821.0491240024567,
            "max": -340.61791348457336,
            "count": 10
        },
        "Plane.Losses.PolicyLoss.mean": {
            "value": 0.24054764945334375,
            "min": 0.23543369068824027,
            "max": 0.24807920765920977,
            "count": 10
        },
        "Plane.Losses.PolicyLoss.sum": {
            "value": 20.206002554080875,
            "min": 20.105042447661088,
            "max": 22.8232871046473,
            "count": 10
        },
        "Plane.Losses.ValueLoss.mean": {
            "value": 0.00822980853807954,
            "min": 0.0054397170324351025,
            "max": 43.60776656113783,
            "count": 10
        },
        "Plane.Losses.ValueLoss.sum": {
            "value": 0.6913039171986813,
            "min": 0.4514965136921135,
            "max": 4011.9145236246804,
            "count": 10
        },
        "Plane.Policy.LearningRate.mean": {
            "value": 1.5311773467535713e-05,
            "min": 1.5311773467535713e-05,
            "max": 0.000284958005014,
            "count": 10
        },
        "Plane.Policy.LearningRate.sum": {
            "value": 0.001286188971273,
            "min": 0.001286188971273,
            "max": 0.026501094466302,
            "count": 10
        },
        "Plane.Policy.Epsilon.mean": {
            "value": 0.10510389285714285,
            "min": 0.10510389285714285,
            "max": 0.19498600000000002,
            "count": 10
        },
        "Plane.Policy.Epsilon.sum": {
            "value": 8.828726999999999,
            "min": 8.828726999999999,
            "max": 18.133698000000003,
            "count": 10
        },
        "Plane.Policy.Beta.mean": {
            "value": 0.0005000000000000001,
            "min": 0.0005000000000000001,
            "max": 0.0005000000000000002,
            "count": 10
        },
        "Plane.Policy.Beta.sum": {
            "value": 0.04200000000000001,
            "min": 0.04150000000000001,
            "max": 0.04700000000000002,
            "count": 10
        },
        "Plane.IsTraining.mean": {
            "value": 1.0,
            "min": 1.0,
            "max": 1.0,
            "count": 10
        },
        "Plane.IsTraining.sum": {
            "value": 1.0,
            "min": 1.0,
            "max": 1.0,
            "count": 10
        }
    },
    "metadata": {
        "timer_format_version": "0.1.0",
        "start_time_seconds": "1673347325",
        "python_version": "3.6.13 |Anaconda, Inc.| (default, Mar 16 2021, 11:37:27) [MSC v.1916 64 bit (AMD64)]",
        "command_line_arguments": "C:\\Users\\alexandrecp\\.conda\\envs\\MLAgentsTraining\\Scripts\\mlagents-learn config/plane_config.yaml --run-id=Plane --force",
        "mlagents_version": "0.28.0",
        "mlagents_envs_version": "0.28.0",
        "communication_protocol_version": "1.5.0",
        "pytorch_version": "1.10.2+cpu",
        "numpy_version": "1.19.5",
        "end_time_seconds": "1673348496"
    },
    "total": 1170.4857371,
    "count": 1,
    "self": 0.0058252000001175475,
    "children": {
        "run_training.setup": {
            "total": 0.056929400000000005,
            "count": 1,
            "self": 0.056929400000000005
        },
        "TrainerController.start_learning": {
            "total": 1170.4229825,
            "count": 1,
            "self": 1.9464029000023402,
            "children": {
                "TrainerController._reset_env": {
                    "total": 7.0636106,
                    "count": 1,
                    "self": 7.0636106
                },
                "TrainerController.advance": {
                    "total": 1161.2551799999976,
                    "count": 102959,
                    "self": 1.8881134999926417,
                    "children": {
                        "env_step": {
                            "total": 917.8668289000053,
                            "count": 102959,
                            "self": 796.1209036000243,
                            "children": {
                                "SubprocessEnvManager._take_step": {
                                    "total": 120.57841369999998,
                                    "count": 102959,
                                    "self": 4.292188700012616,
                                    "children": {
                                        "TorchPolicy.evaluate": {
                                            "total": 116.28622499998737,
                                            "count": 100022,
                                            "self": 26.68533269997556,
                                            "children": {
                                                "TorchPolicy.sample_actions": {
                                                    "total": 89.60089230001181,
                                                    "count": 100022,
                                                    "self": 89.60089230001181
                                                }
                                            }
                                        }
                                    }
                                },
                                "workers": {
                                    "total": 1.1675115999809496,
                                    "count": 102959,
                                    "self": 0.0,
                                    "children": {
                                        "worker_root": {
                                            "total": 1160.6843830000246,
                                            "count": 102959,
                                            "is_parallel": true,
                                            "self": 447.01679820002994,