{
    "name": "root",
    "gauges": {
        "Plane.Policy.Entropy.mean": {
            "value": 1.4077571630477905,
            "min": 1.4077571630477905,
            "max": 1.420465111732483,
            "count": 10
        },
        "Plane.Policy.Entropy.sum": {
            "value": 70369.5546875,
            "min": 70369.5546875,
            "max": 71027.515625,
            "count": 10
        },
        "Plane.Environment.EpisodeLength.mean": {
            "value": 46.9721689059501,
            "min": 25.666666666666668,
            "max": 51.86469344608879,
            "count": 10
        },
        "Plane.Environment.EpisodeLength.sum": {
            "value": 48945.0,
            "min": 48125.0,
            "max": 49064.0,
            "count": 10
        },
        "Plane.Step.mean": {
            "value": 499991.0,
            "min": 49974.0,
            "max": 499991.0,
            "count": 10
        },
        "Plane.Step.sum": {
            "value": 499991.0,
            "min": 49974.0,
            "max": 499991.0,
            "count": 10
        },
        "Plane.Policy.ExtrinsicValueEstimate.mean": {
            "value": -0.2574871778488159,
            "min": -1.200256109237671,
            "max": -0.2574871778488159,
            "count": 10
        },
        "Plane.Policy.ExtrinsicValueEstimate.sum": {
            "value": -268.3016357421875,
            "min": -2243.278564453125,
            "max": -268.3016357421875,
            "count": 10
        },
        "Plane.Environment.CumulativeReward.mean": {
            "value": -1.4875119871919307,
            "min": -2.413497939561864,
            "max": -1.4875119871919307,
            "count": 10
        },
        "Plane.Environment.CumulativeReward.sum": {
            "value": -1549.9874906539917,
            "min": -4105.245620012283,
            "max": -1549.9874906539917,
            "count": 10
        },
        "Plane.Policy.ExtrinsicReward.mean": {
            "value": -1.4875119871919307,
            "min": -2.413497939561864,
            "max": -1.4875119871919307,
            "count": 10
        },
        "Plane.Policy.ExtrinsicReward.sum": {
            "value": -1549.9874906539917,
            "min": -4105.245620012283,
            "max": -1549.9874906539917,
            "count": 10
        },
        "Plane.Losses.PolicyLoss.mean": {
            "value": 0.02331529187426592,
            "min": 0.0209058562941694,
            "max": 0.026868387823924422,
            "count": 10
        },
        "Plane.Losses.PolicyLoss.sum": {
            "value": 0.1165764593713296,
            "min": 0.0985383233288303,
            "max": 0.1343419391196221,
            "count": 10
        },
        "Plane.Losses.ValueLoss.mean": {
            "value": 0.014617736612757046,
            "min": 0.014617736612757046,
            "max": 0.37238238707184795,
            "count": 10
        },
        "Plane.Losses.ValueLoss.sum": {
            "value": 0.07308868306378523,
            "min": 0.07308868306378523,
            "max": 1.8619119353592397,
            "count": 10
        },
        "Plane.Policy.LearningRate.mean": {
            "value": 1.665273444912e-05,
            "min": 1.665273444912e-05,
            "max": 0.00028461555512815,
            "count": 10
        },
        "Plane.Policy.LearningRate.sum": {
            "value": 8.32636722456e-05,
            "min": 8.32636722456e-05,
            "max": 0.0012844782718406005,
            "count": 10
        },
        "Plane.Policy.Epsilon.mean": {
            "value": 0.10555088000000001,
            "min": 0.10555088000000001,
            "max": 0.19487184999999999,
            "count": 10
        },
        "Plane.Policy.Epsilon.sum": {
            "value": 0.5277544000000001,
            "min": 0.5002272000000001,
            "max": 0.9281594,
            "count": 10
        },
        "Plane.Policy.Beta.mean": {
            "value": 0.00028698891200000005,
            "min": 0.00028698891200000005,
            "max": 0.0047441053149999985,
            "count": 10
        },
        "Plane.Policy.Beta.sum": {
            "value": 0.0014349445600000002,
            "min": 0.0014349445600000002,
            "max": 0.02141515406,
            "count": 10
        },
        "Plane.IsTraining.mean": {
            "value": 1.0,
            "min": 1.0,
            "max": 1.0,
            "count": 10
        },
        "Plane.IsTraining.sum": {
            "value": 1.0,
            "min": 1.0,
            "max": 1.0,
            "count": 10
        }
    },
    "metadata": {
        "timer_format_version": "0.1.0",
        "start_time_seconds": "1673431598",
        "python_version": "3.6.13 |Anaconda, Inc.| (default, Mar 16 2021, 11:37:27) [MSC v.1916 64 bit (AMD64)]",
        "command_line_arguments": "C:\\Users\\alexandrecp\\.conda\\envs\\MLAgentsTraining\\Scripts\\mlagents-learn --run-id=Plane --force",
        "mlagents_version": "0.28.0",
        "mlagents_envs_version": "0.28.0",
        "communication_protocol_version": "1.5.0",
        "pytorch_version": "1.10.2+cpu",
        "numpy_version": "1.19.5",
        "end_time_seconds": "1673436290"
    },
    "total": 4691.8221394,
    "count": 1,
    "self": 0.005640999999741325,
    "children": {
        "run_training.setup": {
            "total": 0.0929996,
            "count": 1,
            "self": 0.0929996
        },
        "TrainerController.start_learning": {
            "total": 4691.7234988,
            "count": 1,
            "self": 9.448660299991388,
            "children": {
                "TrainerController._reset_env": {
                    "total": 17.5617773,
                    "count": 1,
                    "self": 17.5617773
                },
                "TrainerController.advance": {
                    "total": 4664.645101200009,
                    "count": 513344,
                    "self": 9.24080409981616,
                    "children": {
                        "env_step": {
                            "total": 4477.401647700138,
                            "count": 513344,
                            "self": 3922.068779500355,
                            "children": {
                                "SubprocessEnvManager._take_step": {
                                    "total": 549.2547217999545,
                                    "count": 513344,
                                    "self": 21.441774999802533,
                                    "children": {
                                        "TorchPolicy.evaluate": {
                                            "total": 527.812946800152,
                                            "count": 500035,
                                            "self": 134.6781025003553,
                                            "children": {
                                                "TorchPolicy.sample_actions": {
                                                    "total": 393.13484429979667,
                                                    "count": 500035,
                                                    "self": 393.13484429979667
                                                }
                                            }
                                        }
                                    }
                                },
                                "workers": {
                                    "total": 6.078146399828238,
                                    "count": 513344,
                                    "self": 0.0,
                                    "children": {
                                        "worker_root": {
                                            "total": 4661.486168799984,
                                            "count": 513344,
                                            "is_parallel": true,
                                            "self": 1155.0890034999143,