{
    "name": "root",
    "gauges": {
        "Plane.Policy.Entropy.mean": {
            "value": 1.4207863807678223,
            "min": 1.4166876077651978,
            "max": 1.4378877878189087,
            "count": 10
        },
        "Plane.Policy.Entropy.sum": {
            "value": 14257.591796875,
            "min": 14166.4453125,
            "max": 14439.26953125,
            "count": 10
        },
        "Plane.Environment.EpisodeLength.mean": {
            "value": 83.8655462184874,
            "min": 49.43654822335025,
            "max": 83.8655462184874,
            "count": 10
        },
        "Plane.Environment.EpisodeLength.sum": {
            "value": 9980.0,
            "min": 9739.0,
            "max": 9980.0,
            "count": 10
        },
        "Plane.Step.mean": {
            "value": 99997.0,
            "min": 9936.0,
            "max": 99997.0,
            "count": 10
        },
        "Plane.Step.sum": {
            "value": 99997.0,
            "min": 9936.0,
            "max": 99997.0,
            "count": 10
        },
        "Plane.Policy.ExtrinsicValueEstimate.mean": {
            "value": 1.7977516651153564,
            "min": 1.3356318473815918,
            "max": 1.7977516651153564,
            "count": 10
        },
        "Plane.Policy.ExtrinsicValueEstimate.sum": {
            "value": 406.2918701171875,
            "min": 324.55853271484375,
            "max": 406.2918701171875,
            "count": 10
        },
        "Plane.Environment.CumulativeReward.mean": {
            "value": 5.806302760996051,
            "min": 3.3598190962436236,
            "max": 5.806302760996051,
            "count": 10
        },
        "Plane.Environment.CumulativeReward.sum": {
            "value": 685.143725797534,
            "min": 661.8843619599938,
            "max": 686.2282208204269,
            "count": 10
        },
        "Plane.Policy.ExtrinsicReward.mean": {
            "value": 5.806302760996051,
            "min": 3.3598190962436236,
            "max": 5.806302760996051,
            "count": 10
        },
        "Plane.Policy.ExtrinsicReward.sum": {
            "value": 685.143725797534,
            "min": 661.8843619599938,
            "max": 686.2282208204269,
            "count": 10
        },
        "Plane.Losses.PolicyLoss.mean": {
            "value": 0.2385577587558703,
            "min": 0.23612362551895713,
            "max": 0.25205933327446917,
            "count": 10
        },
        "Plane.Losses.PolicyLoss.sum": {
            "value": 18.368947424202013,
            "min": 18.1815191649597,
            "max": 19.912687328683063,
            "count": 10
        },
        "Plane.Losses.ValueLoss.mean": {
            "value": 0.08644046859567207,
            "min": 0.06668998141003928,
            "max": 0.37620198498082913,
            "count": 10
        },
        "Plane.Losses.ValueLoss.sum": {
            "value": 6.655916081866749,
            "min": 5.0684385871629845,
            "max": 29.7199568134855,
            "count": 10
        },
        "Plane.Policy.LearningRate.mean": {
            "value": 1.4892874256519486e-05,
            "min": 1.4892874256519486e-05,
            "max": 0.00028511973913730374,
            "count": 10
        },
        "Plane.Policy.LearningRate.sum": {
            "value": 0.0011467513177520004,
            "min": 0.0011467513177520004,
            "max": 0.022524459391846996,
            "count": 10
        },
        "Plane.Policy.Epsilon.mean": {
            "value": 0.10496425974025973,
            "min": 0.10496425974025973,
            "max": 0.1950399113924051,
            "count": 10
        },
        "Plane.Policy.Epsilon.sum": {
            "value": 8.082248,
            "min": 8.082248,
            "max": 15.408153000000002,
            "count": 10
        },
        "Plane.Policy.Beta.mean": {
            "value": 0.0005000000000000001,
            "min": 0.0005000000000000001,
            "max": 0.0005000000000000001,
            "count": 10
        },
        "Plane.Policy.Beta.sum": {
            "value": 0.038500000000000006,
            "min": 0.037500000000000006,
            "max": 0.03950000000000001,
            "count": 10
        },
        "Plane.IsTraining.mean": {
            "value": 1.0,
            "min": 1.0,
            "max": 1.0,
            "count": 10
        },
        "Plane.IsTraining.sum": {
            "value": 1.0,
            "min": 1.0,
            "max": 1.0,
            "count": 10
        }
    },
    "metadata": {
        "timer_format_version": "0.1.0",
        "start_time_seconds": "1672342433",
        "python_version": "3.6.13 |Anaconda, Inc.| (default, Mar 16 2021, 11:37:27) [MSC v.1916 64 bit (AMD64)]",
        "command_line_arguments": "C:\\Users\\Brandon AM\\.conda\\envs\\ML-Agents\\Scripts\\mlagents-learn config/plane_config.yaml --run-id=Plane --force",
        "mlagents_version": "0.28.0",
        "mlagents_envs_version": "0.28.0",
        "communication_protocol_version": "1.5.0",
        "pytorch_version": "1.10.2+cpu",
        "numpy_version": "1.19.5",
        "end_time_seconds": "1672343542"
    },
    "total": 1108.9392398999998,
    "count": 1,
    "self": 0.008884800000032556,
    "children": {
        "run_training.setup": {
            "total": 0.0758549,
            "count": 1,
            "self": 0.0758549
        },
        "TrainerController.start_learning": {
            "total": 1108.8545001999998,
            "count": 1,
            "self": 1.6788531000172497,
            "children": {
                "TrainerController._reset_env": {
                    "total": 7.985837599999999,
                    "count": 1,
                    "self": 7.985837599999999
                },
                "TrainerController.advance": {
                    "total": 1099.0523829999825,
                    "count": 101386,
                    "self": 1.641839599965806,
                    "children": {
                        "env_step": {
                            "total": 851.6716384000143,
                            "count": 101386,
                            "self": 740.0655409999858,
                            "children": {
                                "SubprocessEnvManager._take_step": {
                                    "total": 110.5106500000274,
                                    "count": 101386,
                                    "self": 3.6883672000073773,
                                    "children": {
                                        "TorchPolicy.evaluate": {
                                            "total": 106.82228280002002,
                                            "count": 100035,
                                            "self": 23.147089200058687,
                                            "children": {
                                                "TorchPolicy.sample_actions": {
                                                    "total": 83.67519359996133,
                                                    "count": 100035,
                                                    "self": 83.67519359996133
                                                }
                                            }
                                        }
                                    }
                                },
                                "workers": {
                                    "total": 1.0954474000011505,
                                    "count": 101386,
                                    "self": 0.0,
                                    "children": {
                                        "worker_root": {
                                            "total": 1098.6240566999982,
                                            "count": 101386,
                                            "is_parallel": true,
                                            "self": 432.565510500007,