{"cameraMode":{"drawMode":0,"name":"Shaded","section":"Shading Mode"},"sceneLighting":false,"audioPlay":false,"sceneViewState":{"m_AlwaysRefresh":false,"showFog":true,"showSkybox":false,"showFlares":true,"showImageEffects":true,"showParticleSystems":true,"showVisualEffectGraphs":true,"m_FxEnabled":true},"in2DMode":false,"pivot":{"x":3.0909838676452638,"y":6.839158058166504,"z":-14.263620376586914},"rotation":{"x":0.014864765107631684,"y":-0.9646182060241699,"z":0.25800755620002749,"w":0.05856861546635628},"size":8.200685501098633,"orthographic":false}