{"cameraMode":{"drawMode":0,"name":"Shaded","section":"Shading Mode"},"sceneLighting":true,"audioPlay":false,"sceneViewState":{"m_AlwaysRefresh":false,"showFog":true,"showSkybox":true,"showFlares":true,"showImageEffects":true,"showParticleSystems":true,"showVisualEffectGraphs":true,"m_FxEnabled":true},"in2DMode":false,"pivot":{"x":-32.078617095947269,"y":107.2265396118164,"z":18.334218978881837},"rotation":{"x":0.23349635303020478,"y":-0.46467235684394839,"z":0.12981300055980683,"w":0.8447789549827576},"size":143.7223358154297,"orthographic":false}