{"cameraMode":{"drawMode":0,"name":"Shaded","section":"Shading Mode"},"sceneLighting":true,"audioPlay":false,"sceneViewState":{"m_AlwaysRefresh":false,"showFog":true,"showSkybox":true,"showFlares":true,"showImageEffects":true,"showParticleSystems":true,"showVisualEffectGraphs":true,"m_FxEnabled":true},"in2DMode":false,"pivot":{"x":0.45079708099365237,"y":3.2967796325683595,"z":-0.9601783752441406},"rotation":{"x":0.0011198001448065043,"y":-0.9975431561470032,"z":-0.037239253520965579,"w":-0.07282720506191254},"size":3.7119832038879396,"orthographic":false}