{"cameraMode":{"drawMode":0,"name":"Shaded","section":"Shading Mode"},"sceneLighting":true,"audioPlay":false,"sceneViewState":{"m_AlwaysRefresh":false,"showFog":true,"showSkybox":true,"showFlares":true,"showImageEffects":true,"showParticleSystems":true,"showVisualEffectGraphs":true,"m_FxEnabled":true},"in2DMode":false,"pivot":{"x":17.496593475341798,"y":0.3958994746208191,"z":-21.3658447265625},"rotation":{"x":0.24717478454113007,"y":-0.03197541832923889,"z":0.008141954429447651,"w":0.9684244990348816},"size":101.61214447021485,"orthographic":false}