{"cameraMode":{"drawMode":0,"name":"Shaded","section":"Shading Mode"},"sceneLighting":true,"audioPlay":false,"sceneViewState":{"m_AlwaysRefresh":false,"showFog":true,"showSkybox":true,"showFlares":true,"showImageEffects":true,"showParticleSystems":true,"showVisualEffectGraphs":true,"m_FxEnabled":true},"in2DMode":false,"pivot":{"x":12.131043434143067,"y":11.38935661315918,"z":-1.9611930847167969},"rotation":{"x":-0.001082918606698513,"y":0.27724358439445498,"z":0.0005710424156859517,"w":0.9616571664810181},"size":38.528377532958987,"orthographic":false}