{"cameraMode":{"drawMode":0,"name":"Shaded","section":"Shading Mode"},"sceneLighting":true,"audioPlay":false,"sceneViewState":{"m_AlwaysRefresh":false,"showFog":true,"showSkybox":true,"showFlares":true,"showImageEffects":true,"showParticleSystems":true,"showVisualEffectGraphs":true,"m_FxEnabled":true},"in2DMode":false,"pivot":{"x":16.682022094726564,"y":48.725128173828128,"z":14.583633422851563},"rotation":{"x":0.08572942763566971,"y":-0.9129379391670227,"z":0.25502124428749087,"w":0.30689647793769839},"size":451.49847412109377,"orthographic":false}