{"cameraMode":{"drawMode":0,"name":"Shaded","section":"Shading Mode"},"sceneLighting":true,"audioPlay":false,"sceneViewState":{"m_AlwaysRefresh":false,"showFog":true,"showSkybox":true,"showFlares":true,"showImageEffects":true,"showParticleSystems":true,"showVisualEffectGraphs":true,"m_FxEnabled":true},"in2DMode":false,"pivot":{"x":19.149452209472658,"y":78.80762481689453,"z":-85.51605224609375},"rotation":{"x":0.01902482658624649,"y":-0.9712458848953247,"z":0.08364227414131165,"w":0.22611606121063233},"size":153.29373168945313,"orthographic":false}