{"cameraMode":{"drawMode":0,"name":"Shaded","section":"Shading Mode"},"sceneLighting":true,"audioPlay":false,"sceneViewState":{"m_AlwaysRefresh":false,"showFog":true,"showSkybox":true,"showFlares":true,"showImageEffects":true,"showParticleSystems":true,"showVisualEffectGraphs":true,"m_FxEnabled":true},"in2DMode":false,"pivot":{"x":-66.32618713378906,"y":-36.55485153198242,"z":25.206369400024415},"rotation":{"x":-0.30591461062431338,"y":0.09101176261901856,"z":-0.030145591124892236,"w":-0.9477036595344544},"size":59.93989181518555,"orthographic":false}