{
    "name": "root",
    "gauges": {
        "Plane.Policy.Entropy.mean": {
            "value": 1.627322793006897,
            "min": 1.4094994068145752,
            "max": 1.627322793006897,
            "count": 10
        },
        "Plane.Policy.Entropy.sum": {
            "value": 16232.544921875,
            "min": 14121.7744140625,
            "max": 16305.1591796875,
            "count": 10
        },
        "Plane.Environment.EpisodeLength.mean": {
            "value": 52.62903225806452,
            "min": 29.63914373088685,
            "max": 52.62903225806452,
            "count": 10
        },
        "Plane.Environment.EpisodeLength.sum": {
            "value": 9789.0,
            "min": 9688.0,
            "max": 9821.0,
            "count": 10
        },
        "Plane.Step.mean": {
            "value": 99954.0,
            "min": 9974.0,
            "max": 99954.0,
            "count": 10
        },
        "Plane.Step.sum": {
            "value": 99954.0,
            "min": 9974.0,
            "max": 99954.0,
            "count": 10
        },
        "Plane.Policy.ExtrinsicValueEstimate.mean": {
            "value": 0.19976310431957245,
            "min": -0.7910135984420776,
            "max": 0.19976310431957245,
            "count": 10
        },
        "Plane.Policy.ExtrinsicValueEstimate.sum": {
            "value": 37.15593719482422,
            "min": -259.45245361328125,
            "max": 39.06461715698242,
            "count": 10
        },
        "Plane.Environment.CumulativeReward.mean": {
            "value": -0.7953517631257093,
            "min": -1.9957728157379875,
            "max": -0.7953517631257093,
            "count": 10
        },
        "Plane.Environment.CumulativeReward.sum": {
            "value": -147.93542794138193,
            "min": -650.621937930584,
            "max": -147.93542794138193,
            "count": 10
        },
        "Plane.Policy.ExtrinsicReward.mean": {
            "value": -0.7953517631257093,
            "min": -1.9957728157379875,
            "max": -0.7953517631257093,
            "count": 10
        },
        "Plane.Policy.ExtrinsicReward.sum": {
            "value": -147.93542794138193,
            "min": -650.621937930584,
            "max": -147.93542794138193,
            "count": 10
        },
        "Plane.Losses.PolicyLoss.mean": {
            "value": 0.24308543126158755,
            "min": 0.23844329916201978,
            "max": 0.2699730425243049,
            "count": 10
        },
        "Plane.Losses.PolicyLoss.sum": {
            "value": 21.87768881354288,
            "min": 16.691030941341385,
            "max": 23.366591890509476,
            "count": 10
        },
        "Plane.Losses.ValueLoss.mean": {
            "value": 0.0051537421226257926,
            "min": 0.001015829029595821,
            "max": 0.09143586306041897,
            "count": 10
        },
        "Plane.Losses.ValueLoss.sum": {
            "value": 0.4638367910363213,
            "min": 0.07110803207170747,
            "max": 8.046355949316869,
            "count": 10
        },
        "Plane.Policy.LearningRate.mean": {
            "value": 1.4914361695244442e-05,
            "min": 1.4914361695244442e-05,
            "max": 0.00028555565254205674,
            "count": 10
        },
        "Plane.Policy.LearningRate.sum": {
            "value": 0.0013422925525719998,
            "min": 0.0013422925525719998,
            "max": 0.025128897423700995,
            "count": 10
        },
        "Plane.Policy.Epsilon.mean": {
            "value": 0.10497142222222222,
            "min": 0.10497142222222222,
            "max": 0.1951852159090909,
            "count": 10
        },
        "Plane.Policy.Epsilon.sum": {
            "value": 9.447428,
            "min": 8.042474,
            "max": 17.176299,
            "count": 10
        },
        "Plane.Policy.Beta.mean": {
            "value": 0.0005000000000000001,
            "min": 0.0005,
            "max": 0.0005000000000000001,
            "count": 10
        },
        "Plane.Policy.Beta.sum": {
            "value": 0.04500000000000001,
            "min": 0.035,
            "max": 0.048000000000000015,
            "count": 10
        },
        "Plane.IsTraining.mean": {
            "value": 1.0,
            "min": 1.0,
            "max": 1.0,
            "count": 10
        },
        "Plane.IsTraining.sum": {
            "value": 1.0,
            "min": 1.0,
            "max": 1.0,
            "count": 10
        }
    },
    "metadata": {
        "timer_format_version": "0.1.0",
        "start_time_seconds": "1673217282",
        "python_version": "3.6.13 |Anaconda, Inc.| (default, Mar 16 2021, 11:37:27) [MSC v.1916 64 bit (AMD64)]",
        "command_line_arguments": "C:\\Users\\Brandon AM\\.conda\\envs\\ML-Agents\\Scripts\\mlagents-learn config/plane_config.yaml --run-id=results\\Plane\\Plane\\ckp_every_20000\\Plane-100030",
        "mlagents_version": "0.28.0",
        "mlagents_envs_version": "0.28.0",
        "communication_protocol_version": "1.5.0",
        "pytorch_version": "1.10.2+cpu",
        "numpy_version": "1.19.5",
        "end_time_seconds": "1673218294"
    },
    "total": 1011.4480415,
    "count": 1,
    "self": 0.011117900000044756,
    "children": {
        "run_training.setup": {
            "total": 0.0775026,
            "count": 1,
            "self": 0.0775026
        },
        "TrainerController.start_learning": {
            "total": 1011.359421,
            "count": 1,
            "self": 1.597811300005901,
            "children": {
                "TrainerController._reset_env": {
                    "total": 6.9183458,
                    "count": 1,
                    "self": 6.9183458
                },
                "TrainerController.advance": {
                    "total": 1002.7209032999941,
                    "count": 102159,
                    "self": 1.4434147000041548,
                    "children": {
                        "env_step": {
                            "total": 753.4191027999971,
                            "count": 102159,
                            "self": 646.7927793000225,
                            "children": {
                                "SubprocessEnvManager._take_step": {
                                    "total": 105.5737086999864,
                                    "count": 102159,
                                    "self": 3.470680699997885,
                                    "children": {
                                        "TorchPolicy.evaluate": {
                                            "total": 102.10302799998851,
                                            "count": 100011,
                                            "self": 21.50674539997715,
                                            "children": {
                                                "TorchPolicy.sample_actions": {
                                                    "total": 80.59628260001136,
                                                    "count": 100011,
                                                    "self": 80.59628260001136
                                                }
                                            }
                                        }
                                    }
                                },
                                "workers": {
                                    "total": 1.0526147999881852,
                                    "count": 102159,
                                    "self": 0.0,
                                    "children": {
                                        "worker_root": {
                                            "total": 1002.1724531999934,
                                            "count": 102159,
                                            "is_parallel": true,
                                            "self": 426.48612009999295,